MK0001,Anang Sucipto,Jl. Gempol Asri-Bandung,0879-171717,MK,2013-09-24 13:21:00
MK0002,Dudung Dulhamid,Dungus Cariang-Bandung,0822-345677,MK,2013-09-24 13:45:00
MK0003,Ujang Tarmana,Gg. Durman-Bandung,0879-171717,MK,2013-09-24 13:45:00
MK0004,Ahmad Nurjaman,Sekelimus-Bandung,085-7233445,MK,2013-09-24 13:45:00
MK0005,Rizqi Fatwa,Cicadas-Bandung,0879-171717,MK,2013-09-24 13:45:00
MK0006,Berjay,Jl. Dadali-Bandung,0891-819199,MK,2013-09-24 13:46:00
SC0007,Haris Wijanarko,Jl. Bagus Rangin-Bandung,0821-212891,SC,2013-09-24 13:44:00
IN0008,Irvan Juliansyah,Awi Ligar-Bandung,0921-821829,IN,2013-09-24 13:45:00
CS0009,Hana Pertiwi,Pasir Layung-Bandung,0877-717188,CS,2013-09-24 13:45:00
BR0010,Suhaeri,Ciroyom-Bandung,0826-131313,BR,2013-09-24 13:46:00
